LocalTime, GPSTime, ESSID, BSSID, Power, Security, Latitude, Longitude, Latitude Error, Longitude Error, Type
2026-09-14 12:09:21,1900-01-00 00:00:00,,EC:B1:E0:0F:23:90,-57, ,0.000000,0.000000,0.000,0.000,AP
2026-09-14 12:09:21,1900-01-00 00:00:00,,04:BA:D6:88:5F:E9,-78, ,0.000000,0.000000,0.000,0.000,AP
2026-09-14 12:09:21,1900-01-00 00:00:00,ORSO-NET,EC:B1:E0:0F:23:90,-59, WPA2 ,0.000000,0.000000,0.000,0.000,AP
2026-09-14 12:09:21,1900-01-00 00:00:00,,B8:DD:71:D7:DE:48,-90, ,0.000000,0.000000,0.000,0.000,AP
2026-09-14 12:09:21,1900-01-00 00:00:00,,A6:EF:15:82:9B:66,-109, ,0.000000,0.000000,0.000,0.000,AP
2026-09-14 12:09:24,1900-01-00 00:00:00,ORSO-NET,EC:B1:E0:0F:23:90,-58, WPA2 ,0.000000,0.000000,0.000,0.000,AP
2026-09-14 12:09:24,1900-01-00 00:00:00,ORSO-NET,EC:B1:E0:0F:23:90,-58, WPA2 ,0.000000,0.000000,0.000,0.000,AP
2026-09-14 12:09:24,1900-01-00 00:00:00,ORSO-NET,EC:B1:E0:0F:23:90,-58, WPA2 ,0.000000,0.000000,0.000,0.000,AP
2026-09-14 12:09:24,1900-01-00 00:00:00,ORSO-NET,EC:B1:E0:0F:23:90,-57, WPA2 ,0.000000,0.000000,0.000,0.000,AP
2026-09-14 12:09:24,1900-01-00 00:00:00,ORSO-NET,EC:B1:E0:0F:23:90,-56, WPA2 ,0.000000,0.000000,0.000,0.000,AP
2026-09-14 12:09:24,1900-01-00 00:00:00,ORSO-NET,EC:B1:E0:0F:23:90,-58, WPA2 ,0.000000,0.000000,0.000,0.000,AP
2026-09-14 12:09:24,1900-01-00 00:00:00,ORSO-NET,EC:B1:E0:0F:23:90,-56, WPA2 ,0.000000,0.000000,0.000,0.000,AP
2026-09-14 12:09:24,1900-01-00 00:00:00,ORSO-NET,EC:B1:E0:0F:23:90,-58, WPA2 ,0.000000,0.000000,0.000,0.000,AP
2026-09-14 12:09:24,1900-01-00 00:00:00,ORSO-NET,EC:B1:E0:0F:23:90,-59, WPA2 ,0.000000,0.000000,0.000,0.000,AP
2026-09-14 12:09:24,1900-01-00 00:00:00,ORSO-NET,EC:B1:E0:0F:23:90,-56, WPA2 ,0.000000,0.000000,0.000,0.000,AP
2026-09-14 12:09:24,1900-01-00 00:00:00,ORSO-NET,EC:B1:E0:0F:23:90,-59, WPA2 ,0.000000,0.000000,0.000,0.000,AP
2026-09-14 12:09:24,1900-01-00 00:00:00,ORSO-NET,EC:B1:E0:0F:23:90,-56, WPA2 ,0.000000,0.000000,0.000,0.000,AP
2026-09-14 12:09:24,1900-01-00 00:00:00,ORSO-NET,EC:B1:E0:0F:23:90,-58, WPA2 ,0.000000,0.000000,0.000,0.000,AP
2026-09-14 12:09:24,1900-01-00 00:00:00,MTSRouter_5FE7,04:BA:D6:88:5F:E9,-80, WPA2 ,0.000000,0.000000,0.000,0.000,AP
2026-09-14 12:09:24,1900-01-00 00:00:00,ORSO-NET,EC:B1:E0:0F:23:90,-56, WPA2 ,0.000000,0.000000,0.000,0.000,AP
2026-09-14 12:09:24,1900-01-00 00:00:00,MTSRouter_5FE7,04:BA:D6:88:5F:E9,-79, WPA2 ,0.000000,0.000000,0.000,0.000,AP
2026-09-14 12:09:28,1900-01-00 00:00:00,,76:33:5B:41:DE:44,-30,,0.000000,0.000000,0.000,0.000,Client
2026-09-14 12:09:28,1900-01-00 00:00:00,,04:BA:D6:90:37:A1,-84, ,0.000000,0.000000,0.000,0.000,AP
2026-09-14 12:09:28,1900-01-00 00:00:00,,A0:BD:1D:76:DB:D9,-65,,0.000000,0.000000,0.000,0.000,Client
2026-09-14 12:09:28,1900-01-00 00:00:00,ORSO-NET,EC:B1:E0:0F:23:90,-58, WPA2 ,0.000000,0.000000,0.000,0.000,AP
2026-09-14 12:09:28,1900-01-00 00:00:00,MTSRouter_5FE7,04:BA:D6:88:5F:E9,-78, WPA2 ,0.000000,0.000000,0.000,0.000,AP
2026-09-14 12:09:28,1900-01-00 00:00:00,,A0:BD:1D:76:DB:D9,-73,,0.000000,0.000000,0.000,0.000,Client
2026-09-14 12:09:28,1900-01-00 00:00:00,,A0:BD:1D:76:DB:D9,-74,,0.000000,0.000000,0.000,0.000,Client
2026-09-14 12:09:28,1900-01-00 00:00:00,ORSO-NET,EC:B1:E0:0F:23:90,-55, WPA2 ,0.000000,0.000000,0.000,0.000,AP
2026-09-14 12:09:28,1900-01-00 00:00:00,MTSRouter_5FE7,04:BA:D6:88:5F:E9,-77, WPA2 ,0.000000,0.000000,0.000,0.000,AP
2026-09-14 12:09:31,1900-01-00 00:00:00,ORSO-NET,EC:B1:E0:0F:23:90,-57, WPA2 ,0.000000,0.000000,0.000,0.000,AP
2026-09-14 12:09:31,1900-01-00 00:00:00,,EE:CC:12:32:10:5C,-90,,0.000000,0.000000,0.000,0.000,Client
2026-09-14 12:09:31,1900-01-00 00:00:00,MTSRouter_5FE7,04:BA:D6:88:5F:E9,-83, WPA2 ,0.000000,0.000000,0.000,0.000,AP
2026-09-14 12:09:31,1900-01-00 00:00:00,ORSO-NET,EC:B1:E0:0F:23:90,-55, WPA2 ,0.000000,0.000000,0.000,0.000,AP
2026-09-14 12:09:31,1900-01-00 00:00:00,MTSRouter_5FE7,04:BA:D6:88:5F:E9,-79, WPA2 ,0.000000,0.000000,0.000,0.000,AP
2026-09-14 12:09:31,1900-01-00 00:00:00,ORSO-NET,EC:B1:E0:0F:23:90,-55, WPA2 ,0.000000,0.000000,0.000,0.000,AP
2026-09-14 12:09:35,1900-01-00 00:00:00,ORSO-NET,EC:B1:E0:0F:23:90,-58, WPA2 ,0.000000,0.000000,0.000,0.000,AP
2026-09-14 12:09:35,1900-01-00 00:00:00,MTSRouter_5FE7,04:BA:D6:88:5F:E9,-78, WPA2 ,0.000000,0.000000,0.000,0.000,AP
2026-09-14 12:09:35,1900-01-00 00:00:00,ORSO-NET,EC:B1:E0:0F:23:90,-55, WPA2 ,0.000000,0.000000,0.000,0.000,AP
2026-09-14 12:09:35,1900-01-00 00:00:00,ORSO-NET,EC:B1:E0:0F:23:90,-58, WPA2 ,0.000000,0.000000,0.000,0.000,AP
2026-09-14 12:09:38,1900-01-00 00:00:00,,EE:CC:12:32:10:5C,-90,,0.000000,0.000000,0.000,0.000,Client
2026-09-14 12:09:38,1900-01-00 00:00:00,,EE:CC:12:32:10:5C,-89,,0.000000,0.000000,0.000,0.000,Client
2026-09-14 12:09:38,1900-01-00 00:00:00,MTSRouter_5FE7,04:BA:D6:88:5F:E9,-82, WPA2 ,0.000000,0.000000,0.000,0.000,AP
2026-09-14 12:09:38,1900-01-00 00:00:00,ORSO-NET,EC:B1:E0:0F:23:90,-58, WPA2 ,0.000000,0.000000,0.000,0.000,AP
2026-09-14 12:09:38,1900-01-00 00:00:00,ORSO-NET,EC:B1:E0:0F:23:90,-56, WPA2 ,0.000000,0.000000,0.000,0.000,AP
2026-09-14 12:09:38,1900-01-00 00:00:00,,EE:CC:12:32:10:5C,-90,,0.000000,0.000000,0.000,0.000,Client
2026-09-14 12:09:38,1900-01-00 00:00:00,MTSRouter_5FE7,04:BA:D6:88:5F:E9,-79, WPA2 ,0.000000,0.000000,0.000,0.000,AP
2026-09-14 12:09:42,1900-01-00 00:00:00,ORSO-NET,EC:B1:E0:0F:23:90,-56, WPA2 ,0.000000,0.000000,0.000,0.000,AP
2026-09-14 12:09:42,1900-01-00 00:00:00,RT-GPON-DE48,B8:DD:71:D7:DE:48,-109, WPA2 ,0.000000,0.000000,0.000,0.000,AP
2026-09-14 12:09:42,1900-01-00 00:00:00,MTSRouter_5FE7,04:BA:D6:88:5F:E9,-78, WPA2 ,0.000000,0.000000,0.000,0.000,AP
2026-09-14 12:09:42,1900-01-00 00:00:00,ORSO-NET,EC:B1:E0:0F:23:90,-59, WPA2 ,0.000000,0.000000,0.000,0.000,AP
2026-09-14 12:09:42,1900-01-00 00:00:00,MTSRouter_5FE7,04:BA:D6:88:5F:E9,-79, WPA2 ,0.000000,0.000000,0.000,0.000,AP
2026-09-14 12:09:42,1900-01-00 00:00:00,ORSO-NET,EC:B1:E0:0F:23:90,-57, WPA2 ,0.000000,0.000000,0.000,0.000,AP
2026-09-14 12:09:45,1900-01-00 00:00:00,ORSO-NET,EC:B1:E0:0F:23:90,-55, WPA2 ,0.000000,0.000000,0.000,0.000,AP
2026-09-14 12:09:46,1900-01-00 00:00:00,ORSO-NET,EC:B1:E0:0F:23:90,-55, WPA2 ,0.000000,0.000000,0.000,0.000,AP
2026-09-14 12:09:46,1900-01-00 00:00:00,MTSRouter_5FE7,04:BA:D6:88:5F:E9,-80, WPA2 ,0.000000,0.000000,0.000,0.000,AP
2026-09-14 12:09:46,1900-01-00 00:00:00,ORSO-NET,EC:B1:E0:0F:23:90,-54, WPA2 ,0.000000,0.000000,0.000,0.000,AP
2026-09-14 12:09:49,1900-01-00 00:00:00,MTSRouter_5FE7,04:BA:D6:88:5F:E9,-78, WPA2 ,0.000000,0.000000,0.000,0.000,AP
2026-09-14 12:09:49,1900-01-00 00:00:00,MTSRouter_5FE7,04:BA:D6:88:5F:E9,-86, WPA2 ,0.000000,0.000000,0.000,0.000,AP
2026-09-14 12:09:49,1900-01-00 00:00:00,ORSO-NET,EC:B1:E0:0F:23:90,-54, WPA2 ,0.000000,0.000000,0.000,0.000,AP
2026-09-14 12:09:49,1900-01-00 00:00:00,,EE:CC:12:32:10:5C,-89,,0.000000,0.000000,0.000,0.000,Client
2026-09-14 12:09:49,1900-01-00 00:00:00,MTSRouter_5FE7,04:BA:D6:88:5F:E9,-79, WPA2 ,0.000000,0.000000,0.000,0.000,AP
2026-09-14 12:09:52,1900-01-00 00:00:00,ORSO-NET,EC:B1:E0:0F:23:90,-56, WPA2 ,0.000000,0.000000,0.000,0.000,AP
2026-09-14 12:09:53,1900-01-00 00:00:00,ORSO-NET,EC:B1:E0:0F:23:90,-55, WPA2 ,0.000000,0.000000,0.000,0.000,AP
2026-09-14 12:09:53,1900-01-00 00:00:00,,EE:CC:12:32:10:5C,-89,,0.000000,0.000000,0.000,0.000,Client
2026-09-14 12:09:56,1900-01-00 00:00:00,ORSO-NET,EC:B1:E0:0F:23:90,-55, WPA2 ,0.000000,0.000000,0.000,0.000,AP
2026-09-14 12:09:56,1900-01-00 00:00:00,ORSO-NET,EC:B1:E0:0F:23:90,-58, WPA2 ,0.000000,0.000000,0.000,0.000,AP
2026-09-14 12:09:56,1900-01-00 00:00:00,ORSO-NET,EC:B1:E0:0F:23:90,-58, WPA2 ,0.000000,0.000000,0.000,0.000,AP
2026-09-14 12:10:00,1900-01-00 00:00:00,,EE:CC:12:32:10:5C,-91,,0.000000,0.000000,0.000,0.000,Client
2026-09-14 12:10:00,1900-01-00 00:00:00,MTSRouter_5FE7,04:BA:D6:88:5F:E9,-81, WPA2 ,0.000000,0.000000,0.000,0.000,AP
2026-09-14 12:10:00,1900-01-00 00:00:00,ORSO-NET,EC:B1:E0:0F:23:90,-55, WPA2 ,0.000000,0.000000,0.000,0.000,AP
2026-09-14 12:10:00,1900-01-00 00:00:00,,EE:CC:12:32:10:5C,-90,,0.000000,0.000000,0.000,0.000,Client
2026-09-14 12:10:00,1900-01-00 00:00:00,,A0:BD:1D:76:DB:D9,-65,,0.000000,0.000000,0.000,0.000,Client
2026-09-14 12:10:00,1900-01-00 00:00:00,,A0:BD:1D:76:DB:D9,-67,,0.000000,0.000000,0.000,0.000,Client
2026-09-14 12:10:00,1900-01-00 00:00:00,ORSO-NET,EC:B1:E0:0F:23:90,-58, WPA2 ,0.000000,0.000000,0.000,0.000,AP
2026-09-14 12:10:00,1900-01-00 00:00:00,,EE:CC:12:32:10:5C,-90,,0.000000,0.000000,0.000,0.000,Client
2026-09-14 12:10:03,1900-01-00 00:00:00,,EE:CC:12:32:10:5C,-88,,0.000000,0.000000,0.000,0.000,Client
2026-09-14 12:10:03,1900-01-00 00:00:00,MTSRouter_5FE7,04:BA:D6:88:5F:E9,-80, WPA2 ,0.000000,0.000000,0.000,0.000,AP
2026-09-14 12:10:03,1900-01-00 00:00:00,ORSO-NET,EC:B1:E0:0F:23:90,-58, WPA2 ,0.000000,0.000000,0.000,0.000,AP
2026-09-14 12:10:03,1900-01-00 00:00:00,MTSRouter_5FE7,04:BA:D6:88:5F:E9,-81, WPA2 ,0.000000,0.000000,0.000,0.000,AP
2026-09-14 12:10:03,1900-01-00 00:00:00,ORSO-NET,EC:B1:E0:0F:23:90,-56, WPA2 ,0.000000,0.000000,0.000,0.000,AP
2026-09-14 12:10:03,1900-01-00 00:00:00,,76:33:5B:41:DE:44,-31,,0.000000,0.000000,0.000,0.000,Client
2026-09-14 12:10:03,1900-01-00 00:00:00,ORSO-NET,EC:B1:E0:0F:23:90,-59, WPA2 ,0.000000,0.000000,0.000,0.000,AP
2026-09-14 12:10:03,1900-01-00 00:00:00,,76:33:5B:41:DE:44,-31,,0.000000,0.000000,0.000,0.000,Client
2026-09-14 12:10:03,1900-01-00 00:00:00,,76:33:5B:41:DE:44,-31,,0.000000,0.000000,0.000,0.000,Client
